id,aspectCategory,polarity
4,anecdotes/miscellaneous,positive
5,anecdotes/miscellaneous,positive
7,service,negative
8,service,negative
9,service,negative
16,service,positive
21,anecdotes/miscellaneous,positive
24,anecdotes/miscellaneous,positive
25,ambience,positive
25,service,positive
29,food,positive
34,price,negative
34,service,negative
35,anecdotes/miscellaneous,negative
35,service,negative
37,service,conflict
39,price,negative
39,service,negative
40,food,negative
43,ambience,positive
44,anecdotes/miscellaneous,positive
46,food,positive
52,ambience,positive
52,service,positive
53,food,positive
56,anecdotes/miscellaneous,positive
59,ambience,conflict
62,food,positive
66,anecdotes/miscellaneous,positive
71,food,positive
71,service,positive
75,anecdotes/miscellaneous,positive
76,anecdotes/miscellaneous,neutral
76,ambience,negative
77,service,positive
80,anecdotes/miscellaneous,positive
81,anecdotes/miscellaneous,positive
82,ambience,positive
83,price,positive
84,anecdotes/miscellaneous,positive
85,food,positive
87,ambience,positive
87,anecdotes/miscellaneous,neutral
87,price,positive
89,price,positive
89,food,positive
89,service,positive
90,price,positive
90,food,positive
93,anecdotes/miscellaneous,neutral
94,ambience,positive
94,food,positive
94,service,positive
96,service,positive
97,food,positive
98,food,positive
101,ambience,positive
102,service,positive
103,anecdotes/miscellaneous,positive
109,food,positive
115,anecdotes/miscellaneous,positive
116,price,positive
116,food,positive
119,anecdotes/miscellaneous,positive
119,price,positive
121,anecdotes/miscellaneous,positive
122,anecdotes/miscellaneous,positive
123,anecdotes/miscellaneous,neutral
124,food,positive
125,anecdotes/miscellaneous,neutral
127,food,positive
128,food,positive
129,anecdotes/miscellaneous,neutral
130,service,negative
131,anecdotes/miscellaneous,positive
132,price,positive
132,food,positive
132,service,positive
133,ambience,negative
133,service,negative
135,price,positive
135,food,positive
136,food,positive
138,anecdotes/miscellaneous,neutral
139,food,positive
139,service,positive
141,food,positive
150,anecdotes/miscellaneous,negative
152,service,positive
153,food,positive
154,anecdotes/miscellaneous,positive
158,food,negative
158,service,negative
159,food,positive
160,food,positive
160,service,positive
161,anecdotes/miscellaneous,positive
162,anecdotes/miscellaneous,neutral
163,service,negative
164,ambience,negative
164,service,negative
168,anecdotes/miscellaneous,neutral
169,anecdotes/miscellaneous,positive
173,food,conflict
174,ambience,conflict
174,service,conflict
175,ambience,positive
176,anecdotes/miscellaneous,positive
177,anecdotes/miscellaneous,positive
178,food,positive
178,service,positive
179,service,positive
181,food,positive
183,service,conflict
184,ambience,negative
184,service,negative
186,ambience,positive
187,anecdotes/miscellaneous,conflict
191,ambience,negative
191,service,negative
193,price,positive
193,food,positive
194,service,negative
197,anecdotes/miscellaneous,neutral
199,service,neutral
200,anecdotes/miscellaneous,negative
201,price,positive
201,food,positive
202,anecdotes/miscellaneous,neutral
204,price,conflict
204,ambience,conflict
205,service,conflict
208,food,positive
210,anecdotes/miscellaneous,positive
210,price,positive
211,price,negative
211,food,neutral
211,service,neutral
212,food,positive
214,service,positive
215,food,conflict
216,anecdotes/miscellaneous,positive
217,anecdotes/miscellaneous,positive
218,food,positive
218,service,positive
221,anecdotes/miscellaneous,neutral
222,anecdotes/miscellaneous,neutral
223,anecdotes/miscellaneous,positive
226,anecdotes/miscellaneous,positive
227,anecdotes/miscellaneous,neutral
229,service,positive
230,anecdotes/miscellaneous,positive
231,anecdotes/miscellaneous,neutral
232,ambience,positive
233,food,positive
233,service,positive
237,food,positive
238,price,positive
238,food,positive
238,service,positive
239,ambience,conflict
240,ambience,positive
241,anecdotes/miscellaneous,positive
246,food,conflict
248,anecdotes/miscellaneous,neutral
248,ambience,conflict
254,anecdotes/miscellaneous,negative
255,food,negative
256,food,negative
257,food,neutral
258,anecdotes/miscellaneous,positive
259,ambience,positive
259,food,positive
259,service,positive
261,anecdotes/miscellaneous,positive
262,ambience,positive
263,ambience,positive
264,food,positive
265,price,positive
266,service,positive
267,price,positive
267,food,positive
268,anecdotes/miscellaneous,positive
269,anecdotes/miscellaneous,positive
270,food,positive
270,ambience,positive
270,service,positive
271,food,positive
272,price,positive
272,food,positive
273,service,positive
274,anecdotes/miscellaneous,positive
275,food,positive
276,service,positive
277,food,positive
282,service,positive
285,food,negative
285,service,negative
287,food,positive
288,anecdotes/miscellaneous,neutral
289,anecdotes/miscellaneous,neutral
289,ambience,negative
291,anecdotes/miscellaneous,positive
293,anecdotes/miscellaneous,negative
294,anecdotes/miscellaneous,negative
296,food,negative
298,anecdotes/miscellaneous,positive
300,food,positive
301,ambience,conflict
303,anecdotes/miscellaneous,neutral
304,food,positive
305,food,positive
306,food,positive
307,price,positive
308,ambience,negative
308,anecdotes/miscellaneous,neutral
308,price,negative
318,price,positive
318,ambience,positive
321,anecdotes/miscellaneous,neutral
322,anecdotes/miscellaneous,positive
324,service,negative
327,anecdotes/miscellaneous,conflict
328,anecdotes/miscellaneous,positive
329,price,positive
329,food,positive
329,service,positive
331,anecdotes/miscellaneous,neutral
332,anecdotes/miscellaneous,neutral
335,service,positive
336,anecdotes/miscellaneous,positive
337,food,negative
338,food,neutral
340,food,negative
343,food,negative
345,service,negative
347,food,negative
348,food,positive
350,food,positive
351,food,positive
359,food,conflict
362,ambience,positive
364,service,negative
365,price,negative
365,food,negative
365,service,negative
367,anecdotes/miscellaneous,neutral
368,service,negative
369,food,negative
370,anecdotes/miscellaneous,neutral
375,food,positive
377,anecdotes/miscellaneous,neutral
378,food,positive
379,price,positive
380,anecdotes/miscellaneous,positive
381,food,positive
382,food,positive
386,food,positive
387,price,positive
391,anecdotes/miscellaneous,neutral
396,anecdotes/miscellaneous,positive
404,anecdotes/miscellaneous,neutral
405,food,positive
406,food,positive
408,food,positive
410,price,positive
410,food,positive
412,food,negative
414,food,negative
414,service,negative
415,anecdotes/miscellaneous,neutral
416,food,negative
416,service,negative
417,anecdotes/miscellaneous,neutral
422,anecdotes/miscellaneous,positive
423,anecdotes/miscellaneous,positive
424,food,positive
425,price,positive
425,service,positive
426,ambience,positive
428,food,positive
429,food,positive
430,food,positive
433,anecdotes/miscellaneous,positive
438,food,positive
439,food,positive
440,anecdotes/miscellaneous,negative
442,anecdotes/miscellaneous,negative
445,price,positive
446,anecdotes/miscellaneous,positive
447,food,conflict
449,food,positive
450,food,positive
451,food,positive
452,service,conflict
454,anecdotes/miscellaneous,positive
457,anecdotes/miscellaneous,neutral
459,food,positive
460,anecdotes/miscellaneous,positive
461,service,positive
466,food,conflict
466,service,conflict
469,anecdotes/miscellaneous,neutral
469,ambience,positive
471,food,negative
472,food,negative
472,service,negative
476,anecdotes/miscellaneous,neutral
480,service,positive
481,ambience,positive
483,food,positive
485,anecdotes/miscellaneous,negative
486,food,positive
487,food,positive
488,food,positive
489,anecdotes/miscellaneous,positive
491,food,positive
492,service,positive
493,food,positive
494,food,positive
495,anecdotes/miscellaneous,positive
496,anecdotes/miscellaneous,neutral
497,anecdotes/miscellaneous,neutral
498,anecdotes/miscellaneous,positive
499,food,positive
500,anecdotes/miscellaneous,positive
502,food,positive
504,ambience,positive
504,food,positive
505,food,positive
509,service,positive
510,price,positive
511,food,negative
512,service,negative
513,service,negative
514,service,negative
520,food,neutral
528,ambience,positive
528,service,positive
529,price,positive
529,food,positive
530,anecdotes/miscellaneous,positive
531,food,positive
532,price,positive
532,food,positive
533,food,positive
536,food,positive
537,anecdotes/miscellaneous,positive
538,anecdotes/miscellaneous,positive
539,ambience,negative
540,food,positive
541,food,positive
549,anecdotes/miscellaneous,neutral
550,food,positive
550,service,positive
551,anecdotes/miscellaneous,neutral
552,food,positive
553,service,positive
554,service,positive
556,price,positive
556,food,positive
556,ambience,positive
556,service,positive
557,service,conflict
558,service,conflict
560,food,positive
561,anecdotes/miscellaneous,positive
563,service,negative
565,food,neutral
566,food,negative
569,anecdotes/miscellaneous,negative
570,anecdotes/miscellaneous,neutral
572,food,positive
573,food,positive
573,service,positive
574,price,negative
575,anecdotes/miscellaneous,conflict
580,food,positive
581,anecdotes/miscellaneous,positive
582,anecdotes/miscellaneous,positive
584,ambience,positive
584,service,positive
585,anecdotes/miscellaneous,positive
586,anecdotes/miscellaneous,neutral
589,anecdotes/miscellaneous,positive
590,service,positive
592,anecdotes/miscellaneous,positive
593,anecdotes/miscellaneous,neutral
594,ambience,conflict
594,food,conflict
595,anecdotes/miscellaneous,conflict
596,anecdotes/miscellaneous,conflict
597,anecdotes/miscellaneous,positive
599,food,positive
600,anecdotes/miscellaneous,negative
601,food,positive
601,ambience,positive
602,food,positive
604,food,positive
605,food,positive
606,anecdotes/miscellaneous,positive
607,anecdotes/miscellaneous,neutral
609,ambience,positive
613,anecdotes/miscellaneous,positive
614,ambience,positive
615,food,positive
618,anecdotes/miscellaneous,positive
620,food,positive
623,anecdotes/miscellaneous,neutral
625,anecdotes/miscellaneous,positive
626,anecdotes/miscellaneous,neutral
627,anecdotes/miscellaneous,neutral
628,service,positive
633,anecdotes/miscellaneous,negative
634,price,positive
634,food,positive
634,service,positive
637,ambience,positive
638,price,positive
638,food,positive
642,anecdotes/miscellaneous,positive
643,anecdotes/miscellaneous,neutral
644,service,positive
645,service,positive
648,price,positive
648,food,positive
649,price,positive
651,food,positive
652,price,conflict
653,anecdotes/miscellaneous,neutral
654,food,positive
655,food,positive
656,food,positive
660,anecdotes/miscellaneous,positive
661,anecdotes/miscellaneous,conflict
661,price,conflict
662,food,positive
663,food,positive
664,service,positive
666,food,positive
666,service,positive
667,price,neutral
669,anecdotes/miscellaneous,negative
672,food,positive
673,food,positive
674,ambience,positive
675,food,negative
677,anecdotes/miscellaneous,positive
678,price,positive
678,food,positive
678,ambience,positive
679,anecdotes/miscellaneous,neutral
680,anecdotes/miscellaneous,neutral
680,ambience,negative
685,ambience,positive
685,food,positive
686,anecdotes/miscellaneous,positive
688,price,negative
689,food,conflict
690,price,negative
690,ambience,negative
694,food,positive
696,food,positive
700,price,positive
700,food,positive
701,anecdotes/miscellaneous,positive
702,food,positive
702,ambience,positive
703,service,conflict
704,price,positive
704,food,positive
706,anecdotes/miscellaneous,neutral
708,ambience,positive
709,price,positive
709,food,positive
710,food,positive
711,food,positive
711,service,positive
713,price,negative
713,service,negative
714,price,positive
714,ambience,positive
715,food,negative
716,anecdotes/miscellaneous,negative
718,anecdotes/miscellaneous,positive
719,food,negative
720,anecdotes/miscellaneous,positive
721,anecdotes/miscellaneous,negative
723,anecdotes/miscellaneous,positive
726,anecdotes/miscellaneous,positive
727,food,positive
728,food,positive
729,price,positive
729,ambience,positive
731,food,positive
733,anecdotes/miscellaneous,positive
733,price,positive
736,food,positive
737,anecdotes/miscellaneous,negative
737,price,negative
738,food,negative
738,service,negative
740,price,negative
740,service,negative
742,ambience,positive
743,ambience,conflict
744,service,positive
745,anecdotes/miscellaneous,positive
746,anecdotes/miscellaneous,neutral
748,anecdotes/miscellaneous,neutral
749,anecdotes/miscellaneous,neutral
750,food,positive
750,service,positive
751,anecdotes/miscellaneous,positive
752,food,positive
753,service,positive
754,service,positive
756,anecdotes/miscellaneous,negative
757,price,negative
757,food,negative
757,ambience,negative
758,price,negative
758,food,negative
758,ambience,negative
759,food,positive
760,anecdotes/miscellaneous,neutral
761,anecdotes/miscellaneous,negative
762,anecdotes/miscellaneous,neutral
763,service,negative
764,food,negative
765,price,negative
765,food,negative
767,price,negative
767,food,negative
768,ambience,positive
769,anecdotes/miscellaneous,neutral
770,service,positive
771,anecdotes/miscellaneous,neutral
771,ambience,negative
772,service,negative
773,service,negative
775,price,negative
775,service,negative
776,food,positive
778,service,positive
779,ambience,negative
779,service,negative
782,food,positive
782,service,positive
788,anecdotes/miscellaneous,conflict
789,food,negative
790,food,neutral
791,price,negative
791,service,negative
792,service,neutral
795,anecdotes/miscellaneous,negative
796,food,negative
797,food,negative
798,anecdotes/miscellaneous,neutral
799,food,negative
800,food,positive
804,anecdotes/miscellaneous,conflict
809,anecdotes/miscellaneous,negative
809,price,negative
811,anecdotes/miscellaneous,conflict
812,food,positive
812,service,positive
813,food,positive
823,anecdotes/miscellaneous,positive
824,anecdotes/miscellaneous,positive
828,ambience,positive
831,price,negative
831,food,negative
831,ambience,negative
833,ambience,positive
834,ambience,negative
836,anecdotes/miscellaneous,neutral
837,ambience,negative
838,ambience,positive
839,ambience,conflict
840,food,positive
842,price,conflict
842,service,conflict
843,ambience,positive
843,service,positive
844,food,positive
845,ambience,positive
846,service,positive
847,ambience,positive
848,anecdotes/miscellaneous,positive
849,anecdotes/miscellaneous,neutral
854,ambience,negative
855,anecdotes/miscellaneous,positive
856,food,positive
857,food,positive
858,ambience,positive
858,service,positive
859,food,positive
859,service,positive
860,anecdotes/miscellaneous,positive
861,anecdotes/miscellaneous,neutral
863,food,conflict
864,food,conflict
865,food,positive
866,service,positive
868,anecdotes/miscellaneous,positive
869,ambience,positive
869,service,positive
870,price,positive
870,food,positive
872,anecdotes/miscellaneous,positive
872,ambience,positive
873,anecdotes/miscellaneous,neutral
873,ambience,negative
874,price,positive
874,food,positive
876,ambience,negative
877,ambience,neutral
878,food,positive
879,anecdotes/miscellaneous,positive
880,anecdotes/miscellaneous,neutral
881,anecdotes/miscellaneous,negative
882,ambience,conflict
882,service,conflict
883,food,negative
887,food,negative
889,anecdotes/miscellaneous,negative
891,food,negative
891,service,negative
892,price,negative
892,service,negative
894,anecdotes/miscellaneous,negative
894,price,negative
896,food,negative
898,ambience,negative
899,food,positive
899,service,positive
901,ambience,negative
904,anecdotes/miscellaneous,neutral
905,food,positive
905,service,positive
906,anecdotes/miscellaneous,neutral
907,anecdotes/miscellaneous,negative
908,price,positive
908,food,positive
909,anecdotes/miscellaneous,neutral
909,price,negative
910,service,positive
911,food,conflict
912,food,positive
914,anecdotes/miscellaneous,neutral
916,food,positive
919,anecdotes/miscellaneous,neutral
921,ambience,positive
923,anecdotes/miscellaneous,positive
924,food,positive
926,anecdotes/miscellaneous,positive
927,service,conflict
928,food,neutral
928,ambience,neutral
929,ambience,positive
929,food,positive
932,anecdotes/miscellaneous,negative
935,food,negative
940,anecdotes/miscellaneous,neutral
941,service,positive
947,service,positive
948,anecdotes/miscellaneous,positive
951,service,negative
952,anecdotes/miscellaneous,negative
954,anecdotes/miscellaneous,neutral
955,anecdotes/miscellaneous,positive
957,food,positive
959,ambience,positive
959,service,positive
960,ambience,conflict
961,anecdotes/miscellaneous,positive
962,anecdotes/miscellaneous,positive
964,service,positive
965,service,positive
967,food,positive
968,price,positive
972,service,positive
973,ambience,positive
974,food,positive
977,anecdotes/miscellaneous,neutral
978,food,positive
979,service,positive
982,food,positive
984,food,positive
985,price,negative
985,ambience,negative
988,food,positive
989,ambience,positive
989,service,positive
991,price,positive
993,ambience,positive
994,price,positive
997,ambience,positive
998,ambience,positive
999,ambience,positive
1000,food,positive
1002,food,positive
1002,ambience,positive
1004,anecdotes/miscellaneous,positive
1004,price,positive
1005,anecdotes/miscellaneous,positive
1006,anecdotes/miscellaneous,negative
1007,service,positive
1008,food,negative
1009,service,negative
1011,anecdotes/miscellaneous,neutral
1012,food,positive
1013,food,positive
1014,ambience,positive
1015,food,positive
1017,food,positive
1017,service,positive
1018,service,negative
1019,anecdotes/miscellaneous,negative
1021,anecdotes/miscellaneous,neutral
1022,food,positive
1022,service,positive
1028,food,positive
1031,food,positive
1031,ambience,positive
1031,service,positive
1032,food,positive
1032,service,positive
1033,service,positive
1035,price,conflict
1035,food,conflict
1037,price,conflict
1037,food,conflict
1039,ambience,negative
1040,food,negative
1044,anecdotes/miscellaneous,neutral
1045,food,positive
1046,food,positive
1049,food,positive
1052,food,positive
1054,service,negative
1055,food,positive
1056,price,positive
1056,food,positive
1057,service,negative
1058,anecdotes/miscellaneous,positive
1061,service,positive
1062,food,negative
1064,service,positive
1065,price,positive
1065,food,positive
1066,food,neutral
1067,food,negative
1068,anecdotes/miscellaneous,positive
1069,food,positive
1071,price,conflict
1077,price,conflict
1078,food,positive
1080,food,positive
1081,price,negative
1082,food,positive
1085,food,positive
1087,food,negative
1092,anecdotes/miscellaneous,neutral
1094,food,positive
1096,ambience,positive
1098,anecdotes/miscellaneous,negative
1099,anecdotes/miscellaneous,neutral
1100,service,negative
1103,food,negative
1104,food,negative
1105,anecdotes/miscellaneous,neutral
1108,anecdotes/miscellaneous,neutral
1109,food,positive
1113,anecdotes/miscellaneous,positive
1116,food,positive
1120,food,positive
1125,ambience,conflict
1126,anecdotes/miscellaneous,negative
1127,food,positive
1128,food,conflict
1130,food,positive
1131,anecdotes/miscellaneous,positive
1133,anecdotes/miscellaneous,positive
1138,food,positive
1140,food,negative
1144,anecdotes/miscellaneous,negative
1147,anecdotes/miscellaneous,negative
1149,anecdotes/miscellaneous,neutral
1151,anecdotes/miscellaneous,negative
1152,ambience,negative
1152,price,negative
1153,anecdotes/miscellaneous,negative
1154,anecdotes/miscellaneous,negative
1155,anecdotes/miscellaneous,positive
1156,anecdotes/miscellaneous,positive
1157,anecdotes/miscellaneous,positive
1159,anecdotes/miscellaneous,positive
1160,anecdotes/miscellaneous,positive
1161,ambience,positive
1161,service,positive
1164,food,positive
1171,price,positive
1171,food,positive
1173,price,positive
1174,ambience,conflict
1175,food,positive
1176,ambience,negative
1176,food,positive
1179,anecdotes/miscellaneous,positive
1180,anecdotes/miscellaneous,neutral
1181,food,conflict
1182,price,positive
1182,food,positive
1183,food,positive
1184,price,positive
1185,price,positive
1186,service,conflict
1188,food,positive
1188,service,positive
1189,price,negative
1190,service,negative
1191,service,negative
1193,anecdotes/miscellaneous,neutral
1193,price,negative
1194,anecdotes/miscellaneous,negative
1196,service,negative
1199,food,negative
1200,food,negative
1203,anecdotes/miscellaneous,negative
1205,food,positive
1206,food,conflict
1206,ambience,negative
1209,price,negative
1209,food,negative
1210,anecdotes/miscellaneous,negative
1210,price,negative
1212,anecdotes/miscellaneous,neutral
1213,price,negative
1213,food,negative
1213,service,negative
1214,anecdotes/miscellaneous,neutral
1215,food,positive
1216,anecdotes/miscellaneous,positive
1217,food,positive
1218,ambience,negative
1226,price,positive
1226,food,positive
1227,food,positive
1228,service,negative
1232,food,positive
1236,anecdotes/miscellaneous,neutral
1238,anecdotes/miscellaneous,positive
1239,anecdotes/miscellaneous,positive
1240,food,positive
1242,food,positive
1244,anecdotes/miscellaneous,neutral
1250,food,neutral
1254,food,positive
1268,food,negative
1269,anecdotes/miscellaneous,negative
1271,food,negative
1272,anecdotes/miscellaneous,neutral
1273,price,positive
1273,food,positive
1274,price,positive
1274,food,positive
1278,food,positive
1279,food,positive
1281,price,positive
1282,anecdotes/miscellaneous,positive
1285,anecdotes/miscellaneous,positive
1286,anecdotes/miscellaneous,positive
1287,anecdotes/miscellaneous,positive
1288,food,positive
1288,service,positive
1290,anecdotes/miscellaneous,positive
1293,food,negative
1294,food,negative
1295,service,negative
1298,anecdotes/miscellaneous,negative
1301,food,negative
1303,price,negative
1305,food,negative
1306,anecdotes/miscellaneous,neutral
1307,anecdotes/miscellaneous,neutral
1309,anecdotes/miscellaneous,negative
1310,anecdotes/miscellaneous,neutral
1311,anecdotes/miscellaneous,negative
1312,anecdotes/miscellaneous,neutral
1313,price,negative
1313,food,negative
1314,anecdotes/miscellaneous,negative
1315,price,negative
1316,food,conflict
1317,price,negative
1318,ambience,negative
1320,service,negative
1321,food,positive
1322,food,positive
1323,ambience,positive
1327,food,positive
1328,service,positive
1329,service,negative
1331,anecdotes/miscellaneous,negative
1335,service,negative
1338,food,neutral
1338,service,neutral
1339,anecdotes/miscellaneous,neutral
1340,ambience,conflict
1341,service,positive
1343,food,positive
1344,food,positive
1345,food,conflict
1346,food,positive
1350,anecdotes/miscellaneous,positive
1352,food,positive
1353,food,conflict
1353,service,conflict
1355,service,negative
1363,food,positive
1370,price,negative
1370,food,negative
1372,ambience,negative
1372,service,negative
1374,anecdotes/miscellaneous,neutral
1375,anecdotes/miscellaneous,positive
1376,anecdotes/miscellaneous,neutral
1377,anecdotes/miscellaneous,positive
1377,ambience,positive
1378,service,positive
1379,ambience,positive
1380,anecdotes/miscellaneous,positive
1380,price,positive
1381,ambience,negative
1381,food,neutral
1382,price,negative
1382,food,negative
1383,service,negative
1384,price,positive
1384,food,positive
1385,ambience,positive
1385,service,positive
1386,food,positive
1387,food,positive
1392,anecdotes/miscellaneous,neutral
1393,food,conflict
1394,ambience,positive
1401,anecdotes/miscellaneous,positive
1402,food,positive
1403,anecdotes/miscellaneous,positive
1404,price,positive
1404,food,positive
1407,ambience,negative
1407,service,negative
1408,ambience,negative
1410,price,positive
1410,food,positive
1412,food,positive
1413,food,positive
1414,anecdotes/miscellaneous,positive
1415,food,negative
1415,service,negative
1418,anecdotes/miscellaneous,neutral
1418,price,negative
1419,price,negative
1424,food,positive
1425,anecdotes/miscellaneous,positive
1429,food,negative
1431,anecdotes/miscellaneous,negative
1433,anecdotes/miscellaneous,neutral
1434,food,negative
1436,food,positive
1438,food,negative
1439,food,positive
1440,food,negative
1441,food,negative
1448,anecdotes/miscellaneous,negative
1449,anecdotes/miscellaneous,negative
1455,anecdotes/miscellaneous,positive
1456,price,positive
1456,food,positive
1457,food,positive
1459,food,positive
1460,ambience,conflict
1461,anecdotes/miscellaneous,positive
1465,service,conflict
1469,food,positive
1471,price,negative
1473,price,positive
1473,food,positive
1477,food,positive
1478,price,positive
1479,anecdotes/miscellaneous,positive
1480,food,positive
1487,food,positive
1488,food,positive
1489,anecdotes/miscellaneous,positive
1491,food,positive
1492,anecdotes/miscellaneous,positive
1493,service,positive
1494,food,positive
1495,anecdotes/miscellaneous,neutral
1497,service,positive
1501,anecdotes/miscellaneous,neutral
1509,service,negative
1510,anecdotes/miscellaneous,positive
1517,anecdotes/miscellaneous,neutral
1518,food,positive
1522,anecdotes/miscellaneous,positive
1531,anecdotes/miscellaneous,negative
1532,anecdotes/miscellaneous,negative
1532,ambience,negative
1533,food,positive
1535,service,positive
1537,anecdotes/miscellaneous,negative
1538,food,negative
1542,price,negative
1542,food,negative
1542,service,negative
1543,anecdotes/miscellaneous,negative
1544,anecdotes/miscellaneous,conflict
1545,anecdotes/miscellaneous,neutral
1546,food,conflict
1547,anecdotes/miscellaneous,neutral
1551,service,conflict
1553,anecdotes/miscellaneous,negative
1554,ambience,negative
1555,service,negative
1557,anecdotes/miscellaneous,neutral
1559,food,conflict
1560,food,positive
1562,price,positive
1563,food,positive
1564,service,positive
1565,price,positive
1565,ambience,positive
1570,food,neutral
1571,price,negative
1571,food,negative
1573,anecdotes/miscellaneous,positive
1574,anecdotes/miscellaneous,positive
1575,ambience,positive
1576,anecdotes/miscellaneous,negative
1576,price,negative
1577,food,positive
1579,food,positive
1580,service,positive
1581,anecdotes/miscellaneous,positive
1582,anecdotes/miscellaneous,positive
1583,anecdotes/miscellaneous,positive
1584,anecdotes/miscellaneous,positive
1585,ambience,positive
1586,food,positive
1587,anecdotes/miscellaneous,positive
1590,anecdotes/miscellaneous,positive
1591,anecdotes/miscellaneous,positive
1592,service,positive
1593,anecdotes/miscellaneous,positive
1595,food,positive
1596,anecdotes/miscellaneous,positive
1597,price,positive
1597,food,positive
1598,anecdotes/miscellaneous,positive
1599,food,positive
1600,food,positive
1603,anecdotes/miscellaneous,positive
1604,anecdotes/miscellaneous,neutral
1606,food,positive
1606,service,positive
1607,service,conflict
1608,food,positive
1609,service,positive
1611,anecdotes/miscellaneous,positive
1612,food,positive
1617,food,positive
1618,food,positive
1619,service,negative
1621,food,positive
1621,service,positive
1623,food,positive
1624,food,positive
1624,service,positive
1625,service,positive
1626,anecdotes/miscellaneous,positive
1631,price,positive
1631,food,positive
1632,price,conflict
1632,food,positive
1634,food,positive
1640,anecdotes/miscellaneous,neutral
1641,food,positive
1643,food,negative
1644,food,positive
1645,price,positive
1645,food,positive
1647,food,positive
1650,price,positive
1651,price,negative
1652,price,positive
1652,ambience,positive
1652,service,positive
1654,anecdotes/miscellaneous,neutral
1655,price,positive
1655,food,positive
1656,food,positive
1659,food,positive
1660,food,negative
1661,anecdotes/miscellaneous,positive
1662,price,positive
1663,service,negative
1665,price,negative
1666,price,conflict
1666,food,conflict
1668,food,positive
1671,service,positive
1673,food,positive
1677,service,positive
1678,anecdotes/miscellaneous,negative
1678,price,negative
1679,anecdotes/miscellaneous,positive
1680,service,negative
1681,service,positive
1683,food,positive
1683,ambience,positive
1683,service,positive
1686,price,negative
1686,food,negative
1688,food,negative
1690,anecdotes/miscellaneous,negative
1691,food,positive
1692,anecdotes/miscellaneous,neutral
1700,anecdotes/miscellaneous,positive
1702,price,neutral
1702,food,neutral
1704,food,positive
1705,food,conflict
1706,anecdotes/miscellaneous,positive
1707,anecdotes/miscellaneous,positive
1709,food,negative
1710,price,conflict
1710,food,conflict
1710,service,conflict
1711,price,negative
1711,food,negative
1712,anecdotes/miscellaneous,positive
1713,price,negative
1713,food,conflict
1713,ambience,conflict
1714,food,positive
1715,food,positive
1717,anecdotes/miscellaneous,neutral
1720,anecdotes/miscellaneous,negative
1721,anecdotes/miscellaneous,positive
1722,price,positive
1722,ambience,positive
1722,service,positive
1723,food,positive
1724,ambience,positive
1729,food,positive
1730,food,positive
1731,food,positive
1732,food,negative
1734,service,neutral
1738,service,positive
1739,service,positive
1741,anecdotes/miscellaneous,positive
1742,anecdotes/miscellaneous,neutral
1743,price,positive
1743,food,positive
1745,food,negative
1746,anecdotes/miscellaneous,neutral
1746,service,positive
1747,food,conflict
1747,service,conflict
1750,ambience,positive
1755,food,positive
1756,price,positive
1759,anecdotes/miscellaneous,neutral
1765,anecdotes/miscellaneous,positive
1767,food,positive
1769,anecdotes/miscellaneous,positive
1771,anecdotes/miscellaneous,neutral
1777,anecdotes/miscellaneous,negative
1780,food,positive
1787,food,positive
1791,anecdotes/miscellaneous,neutral
1791,ambience,positive
1792,service,negative
1793,price,negative
1793,service,conflict
1794,price,negative
1794,food,negative
1795,service,negative
1796,anecdotes/miscellaneous,positive
1797,ambience,positive
1797,service,positive
1798,anecdotes/miscellaneous,negative
1799,service,negative
1800,service,negative
1803,anecdotes/miscellaneous,neutral
1804,anecdotes/miscellaneous,neutral
1814,anecdotes/miscellaneous,neutral
1815,anecdotes/miscellaneous,positive
1819,ambience,positive
1820,anecdotes/miscellaneous,positive
1821,anecdotes/miscellaneous,positive
1822,price,positive
1822,food,positive
1824,anecdotes/miscellaneous,positive
1825,anecdotes/miscellaneous,positive
1826,anecdotes/miscellaneous,neutral
1827,food,positive
1828,food,positive
1829,anecdotes/miscellaneous,neutral
1829,service,positive
1830,food,positive
1831,anecdotes/miscellaneous,neutral
1832,anecdotes/miscellaneous,neutral
1835,service,negative
1837,service,positive
1838,anecdotes/miscellaneous,positive
1840,ambience,positive
1841,anecdotes/miscellaneous,positive
1842,ambience,conflict
1843,ambience,positive
1845,food,positive
1845,service,positive
1846,price,negative
1846,food,negative
1852,food,conflict
1853,price,conflict
1853,food,conflict
1854,food,conflict
1855,anecdotes/miscellaneous,positive
1856,food,positive
1857,ambience,positive
1861,anecdotes/miscellaneous,negative
1865,food,positive
1866,price,positive
1866,food,positive
1867,food,conflict
1869,food,positive
1870,service,positive
1871,ambience,negative
1873,food,negative
1874,food,negative
1879,anecdotes/miscellaneous,neutral
1879,ambience,conflict
1880,anecdotes/miscellaneous,positive
1881,anecdotes/miscellaneous,positive
1883,service,positive
1886,service,negative
1888,anecdotes/miscellaneous,neutral
1890,ambience,conflict
1891,food,positive
1899,anecdotes/miscellaneous,positive
1900,anecdotes/miscellaneous,neutral
1901,ambience,positive
1903,food,conflict
1906,food,positive
1909,ambience,positive
1910,price,negative
1910,food,negative
1912,anecdotes/miscellaneous,positive
1913,anecdotes/miscellaneous,positive
1913,price,positive
1916,ambience,positive
1917,food,positive
1917,service,positive
1918,food,positive
1922,ambience,negative
1922,service,positive
1923,anecdotes/miscellaneous,negative
1926,anecdotes/miscellaneous,neutral
1928,anecdotes/miscellaneous,positive
1930,service,positive
1931,service,positive
1933,anecdotes/miscellaneous,positive
1935,anecdotes/miscellaneous,positive
1940,food,positive
1940,ambience,positive
1940,service,positive
1941,food,positive
1942,service,positive
1947,food,positive
1947,ambience,positive
1947,service,positive
1948,food,positive
1949,food,positive
1951,service,positive
1953,anecdotes/miscellaneous,positive
1955,ambience,conflict
1956,price,positive
1956,food,positive
1958,anecdotes/miscellaneous,positive
1959,anecdotes/miscellaneous,neutral
1960,anecdotes/miscellaneous,positive
1961,service,conflict
1964,price,neutral
1964,food,neutral
1965,ambience,negative
1965,service,negative
1966,anecdotes/miscellaneous,positive
1969,food,positive
1969,service,positive
1970,food,positive
1971,food,negative
1972,anecdotes/miscellaneous,negative
1973,price,negative
1974,anecdotes/miscellaneous,negative
1975,food,positive
1976,anecdotes/miscellaneous,positive
1977,ambience,conflict
1979,food,positive
1981,ambience,negative
1986,service,positive
1987,food,negative
1987,service,conflict
1988,price,negative
1989,ambience,positive
1989,service,positive
1990,anecdotes/miscellaneous,neutral
1991,food,positive
1992,anecdotes/miscellaneous,neutral
1993,service,negative
1995,anecdotes/miscellaneous,positive
1998,anecdotes/miscellaneous,positive
2000,price,negative
2001,price,negative
2003,anecdotes/miscellaneous,negative
2004,anecdotes/miscellaneous,conflict
2005,anecdotes/miscellaneous,positive
2006,service,positive
2007,food,positive
2008,food,positive
2009,anecdotes/miscellaneous,positive
2010,anecdotes/miscellaneous,neutral
2011,food,negative
2015,anecdotes/miscellaneous,positive
2016,food,positive
2017,food,positive
2018,anecdotes/miscellaneous,positive
2019,food,conflict
2024,anecdotes/miscellaneous,negative
2025,price,negative
2026,food,positive
2027,anecdotes/miscellaneous,negative
2028,food,positive
2033,food,positive
2034,anecdotes/miscellaneous,positive
2035,food,negative
2035,service,negative
2036,price,negative
2036,food,negative
2038,price,negative
2038,food,negative
2040,food,negative
2042,price,negative
2052,anecdotes/miscellaneous,positive
2054,anecdotes/miscellaneous,positive
2057,food,positive
2059,food,positive
2061,anecdotes/miscellaneous,positive
2062,food,positive
2064,food,positive
2065,anecdotes/miscellaneous,positive
2067,ambience,positive
2067,service,positive
2069,anecdotes/miscellaneous,neutral
2071,food,positive
2075,anecdotes/miscellaneous,positive
2075,ambience,positive
2076,price,conflict
2076,food,conflict
2077,food,positive
2078,anecdotes/miscellaneous,positive
2080,service,positive
2081,price,conflict
2082,anecdotes/miscellaneous,positive
2082,price,positive
2084,food,conflict
2085,food,positive
2086,food,negative
2087,service,negative
2089,food,positive
2089,ambience,positive
2089,service,positive
2090,price,positive
2090,food,positive
2091,price,negative
2092,anecdotes/miscellaneous,negative
2092,price,negative
2093,anecdotes/miscellaneous,negative
2093,price,negative
2094,price,negative
2094,food,negative
2097,food,neutral
2098,service,positive
2099,anecdotes/miscellaneous,positive
2099,price,positive
2101,price,negative
2101,food,negative
2102,price,negative
2104,ambience,positive
2105,food,negative
2107,anecdotes/miscellaneous,neutral
2108,anecdotes/miscellaneous,negative
2112,anecdotes/miscellaneous,neutral
2113,anecdotes/miscellaneous,neutral
2115,food,negative
2118,food,negative
2119,anecdotes/miscellaneous,positive
2120,ambience,positive
2124,service,positive
2125,food,positive
2126,price,positive
2126,service,positive
2127,food,positive
2128,price,positive
2128,food,positive
2128,service,positive
2131,service,positive
2132,food,positive
2132,service,positive
2133,price,positive
2133,service,positive
2134,service,positive
2136,food,positive
2136,ambience,positive
2138,anecdotes/miscellaneous,positive
2139,anecdotes/miscellaneous,positive
2141,food,positive
2143,anecdotes/miscellaneous,neutral
2144,anecdotes/miscellaneous,positive
2147,anecdotes/miscellaneous,positive
2149,food,positive
2150,food,positive
2152,food,positive
2153,service,positive
2154,food,positive
2155,food,positive
2156,price,positive
2157,anecdotes/miscellaneous,neutral
2158,food,positive
2160,food,positive
2162,anecdotes/miscellaneous,positive
2163,anecdotes/miscellaneous,neutral
2164,anecdotes/miscellaneous,positive
2166,ambience,positive
2166,food,positive
2166,service,positive
2167,food,negative
2167,service,negative
2168,anecdotes/miscellaneous,positive
2170,service,positive
2171,food,positive
2173,anecdotes/miscellaneous,positive
2173,price,positive
2176,food,positive
2177,food,positive
2178,food,positive
2179,anecdotes/miscellaneous,neutral
2183,food,positive
2186,anecdotes/miscellaneous,positive
2190,ambience,positive
2191,service,conflict
2192,food,positive
2192,ambience,positive
2193,food,negative
2195,service,conflict
2196,anecdotes/miscellaneous,neutral
2200,ambience,positive
2201,price,positive
2201,food,positive
2202,anecdotes/miscellaneous,neutral
2203,anecdotes/miscellaneous,positive
2204,ambience,positive
2204,service,positive
2205,food,negative
2208,anecdotes/miscellaneous,negative
2209,food,positive
2211,food,negative
2212,food,negative
2218,price,positive
2218,food,positive
2219,ambience,conflict
2220,anecdotes/miscellaneous,neutral
2221,anecdotes/miscellaneous,negative
2223,food,positive
2227,food,positive
2228,ambience,positive
2229,anecdotes/miscellaneous,positive
2230,food,negative
2234,anecdotes/miscellaneous,negative
2235,anecdotes/miscellaneous,negative
2236,food,negative
2237,anecdotes/miscellaneous,negative
2238,anecdotes/miscellaneous,positive
2239,price,positive
2240,food,positive
2240,service,positive
2242,anecdotes/miscellaneous,positive
2245,price,negative
2245,service,negative
2247,anecdotes/miscellaneous,positive
2248,anecdotes/miscellaneous,positive
2249,food,negative
2250,anecdotes/miscellaneous,negative
2251,food,positive
2252,service,positive
2253,food,positive
2254,ambience,positive
2257,anecdotes/miscellaneous,positive
2258,anecdotes/miscellaneous,neutral
2260,anecdotes/miscellaneous,neutral
2262,food,positive
2267,ambience,positive
2269,ambience,negative
2271,food,positive
2272,price,negative
2272,food,negative
2273,food,positive
2274,price,positive
2274,food,positive
2276,food,positive
2277,food,conflict
2280,food,positive
2282,anecdotes/miscellaneous,positive
2283,anecdotes/miscellaneous,neutral
2284,price,negative
2284,food,neutral
2286,anecdotes/miscellaneous,neutral
2287,food,positive
2288,food,positive
2290,food,positive
2293,anecdotes/miscellaneous,neutral
2294,food,positive
2295,anecdotes/miscellaneous,negative
2295,ambience,negative
2296,anecdotes/miscellaneous,negative
2297,food,positive
2298,food,positive
2298,service,positive
2299,anecdotes/miscellaneous,positive
2300,anecdotes/miscellaneous,positive
2302,food,positive
2303,service,positive
2304,service,positive
2305,anecdotes/miscellaneous,neutral
2306,food,positive
2307,food,positive
2308,anecdotes/miscellaneous,positive
2311,anecdotes/miscellaneous,neutral
2311,price,negative
2312,anecdotes/miscellaneous,positive
2315,ambience,conflict
2316,price,positive
2316,food,positive
2317,food,positive
2318,food,positive
2324,anecdotes/miscellaneous,positive
2329,service,positive
2330,service,negative
2331,service,positive
2332,price,positive
2332,food,positive
2333,food,positive
2334,price,negative
2335,price,negative
2335,food,negative
2336,ambience,negative
2337,food,positive
2341,service,positive
2348,ambience,positive
2349,food,positive
2356,price,positive
2356,food,positive
2359,price,negative
2360,anecdotes/miscellaneous,neutral
2361,food,positive
2363,food,negative
2364,service,positive
2365,food,negative
2366,food,conflict
2367,anecdotes/miscellaneous,negative
2369,food,positive
2370,anecdotes/miscellaneous,neutral
2372,anecdotes/miscellaneous,positive
2377,food,negative
2379,ambience,conflict
2379,anecdotes/miscellaneous,neutral
2379,price,negative
2380,anecdotes/miscellaneous,neutral
2380,ambience,conflict
2385,food,positive
2386,food,negative
2391,food,positive
2392,price,positive
2392,food,positive
2394,service,negative
2395,anecdotes/miscellaneous,positive
2395,price,positive
2396,ambience,positive
2398,price,positive
2398,food,positive
2402,service,negative
2405,price,positive
2405,food,positive
2408,ambience,negative
2409,service,negative
2410,service,negative
2411,ambience,positive
2411,service,positive
2412,food,positive
2413,food,conflict
2413,service,conflict
2414,food,conflict
2416,anecdotes/miscellaneous,neutral
2417,anecdotes/miscellaneous,positive
2417,service,positive
2426,food,conflict
2427,price,negative
2427,food,negative
2429,anecdotes/miscellaneous,positive
2431,food,positive
2432,ambience,negative
2433,ambience,negative
2433,service,negative
2434,food,positive
2436,food,positive
2440,service,positive
2442,anecdotes/miscellaneous,positive
2443,ambience,positive
2443,food,positive
2443,service,positive
2444,food,positive
2445,price,negative
2446,anecdotes/miscellaneous,positive
2447,ambience,positive
2448,food,negative
2449,food,positive
2449,service,positive
2450,food,positive
2451,price,positive
2453,food,negative
2455,service,positive
2456,food,conflict
2458,food,positive
2458,ambience,positive
2459,anecdotes/miscellaneous,positive
2461,anecdotes/miscellaneous,positive
2463,ambience,positive
2464,price,positive
2468,food,positive
2469,food,positive
2473,anecdotes/miscellaneous,positive
2477,anecdotes/miscellaneous,negative
2479,food,positive
2479,service,positive
2482,food,positive
2483,price,negative
2484,anecdotes/miscellaneous,negative
2485,food,negative
2486,ambience,negative
2487,price,negative
2487,food,negative
2488,anecdotes/miscellaneous,neutral
2491,food,positive
2491,service,positive
2494,anecdotes/miscellaneous,positive
2496,food,positive
2497,food,positive
2498,price,positive
2498,food,positive
2498,ambience,positive
2500,food,conflict
2502,ambience,negative
2503,ambience,positive
2506,anecdotes/miscellaneous,positive
2507,food,positive
2508,ambience,positive
2511,anecdotes/miscellaneous,neutral
2512,price,positive
2512,food,positive
2512,ambience,positive
2512,service,positive
2513,food,positive
2514,anecdotes/miscellaneous,conflict
2514,price,conflict
2515,anecdotes/miscellaneous,positive
2515,ambience,positive
2517,food,positive
2517,service,positive
2520,anecdotes/miscellaneous,negative
2522,food,neutral
2525,anecdotes/miscellaneous,negative
2529,ambience,negative
2532,anecdotes/miscellaneous,negative
2532,price,negative
2533,anecdotes/miscellaneous,positive
2533,ambience,positive
2534,service,positive
2536,anecdotes/miscellaneous,neutral
2536,ambience,positive
2537,ambience,negative
2538,food,positive
2544,anecdotes/miscellaneous,negative
2544,ambience,negative
2545,anecdotes/miscellaneous,negative
2548,food,positive
2549,service,positive
2550,anecdotes/miscellaneous,neutral
2551,anecdotes/miscellaneous,positive
2554,food,positive
2555,price,positive
2555,service,positive
2558,food,positive
2559,service,positive
2560,anecdotes/miscellaneous,positive
2563,food,positive
2567,price,positive
2567,food,positive
2568,anecdotes/miscellaneous,positive
2568,price,positive
2570,anecdotes/miscellaneous,positive
2575,anecdotes/miscellaneous,positive
2577,ambience,positive
2578,food,positive
2579,anecdotes/miscellaneous,positive
2582,price,negative
2582,service,negative
2584,anecdotes/miscellaneous,positive
2585,service,positive
2586,anecdotes/miscellaneous,neutral
2588,service,negative
2589,food,negative
2590,price,conflict
2590,food,positive
2592,food,positive
2593,food,positive
2594,anecdotes/miscellaneous,positive
2595,ambience,positive
2596,anecdotes/miscellaneous,positive
2597,food,positive
2599,service,positive
2600,anecdotes/miscellaneous,positive
2601,anecdotes/miscellaneous,positive
2602,anecdotes/miscellaneous,neutral
2604,food,positive
2605,food,conflict
2606,food,positive
2607,food,positive
2609,anecdotes/miscellaneous,positive
2610,food,positive
2616,food,positive
2617,anecdotes/miscellaneous,neutral
2620,service,conflict
2621,food,negative
2622,price,positive
2622,food,positive
2622,service,positive
2623,price,positive
2623,food,positive
2627,ambience,conflict
2627,service,conflict
2630,anecdotes/miscellaneous,positive
2631,anecdotes/miscellaneous,positive
2634,anecdotes/miscellaneous,positive
2636,anecdotes/miscellaneous,neutral
2637,food,positive
2638,food,positive
2641,ambience,positive
2641,anecdotes/miscellaneous,positive
2641,price,positive
2642,food,positive
2643,price,positive
2643,food,positive
2644,food,positive
2645,price,positive
2645,food,positive
2646,food,positive
2646,service,positive
2647,ambience,positive
2647,service,positive
2649,anecdotes/miscellaneous,positive
2649,ambience,positive
2650,anecdotes/miscellaneous,negative
2651,anecdotes/miscellaneous,positive
2653,price,negative
2653,food,negative
2654,food,negative
2657,anecdotes/miscellaneous,neutral
2662,anecdotes/miscellaneous,positive
2663,anecdotes/miscellaneous,positive
2664,anecdotes/miscellaneous,negative
2664,price,negative
2665,anecdotes/miscellaneous,negative
2666,price,negative
2667,food,negative
2667,service,negative
2668,service,negative
2670,anecdotes/miscellaneous,neutral
2671,ambience,conflict
2674,anecdotes/miscellaneous,positive
2675,anecdotes/miscellaneous,positive
2675,price,positive
2676,ambience,positive
2677,ambience,negative
2681,food,positive
2687,ambience,neutral
2688,price,conflict
2688,food,conflict
2689,anecdotes/miscellaneous,neutral
2690,price,negative
2691,food,positive
2692,food,positive
2692,ambience,positive
2692,service,positive
2693,food,positive
2694,anecdotes/miscellaneous,positive
2695,anecdotes/miscellaneous,neutral
2696,ambience,positive
2696,food,positive
2697,food,positive
2698,service,positive
2700,anecdotes/miscellaneous,neutral
2703,anecdotes/miscellaneous,positive
2705,ambience,negative
2706,anecdotes/miscellaneous,negative
2707,anecdotes/miscellaneous,positive
2708,price,positive
2708,food,positive
2709,price,positive
2709,food,positive
2711,anecdotes/miscellaneous,positive
2713,anecdotes/miscellaneous,positive
2715,food,positive
2716,anecdotes/miscellaneous,positive
2717,anecdotes/miscellaneous,positive
2722,anecdotes/miscellaneous,positive
2726,anecdotes/miscellaneous,positive
2727,anecdotes/miscellaneous,positive
2730,anecdotes/miscellaneous,neutral
2733,anecdotes/miscellaneous,positive
2734,food,conflict
2734,service,conflict
2736,anecdotes/miscellaneous,positive
2738,price,positive
2740,anecdotes/miscellaneous,positive
2743,anecdotes/miscellaneous,negative
2743,price,negative
2746,food,positive
2746,service,positive
2747,food,positive
2751,anecdotes/miscellaneous,negative
2752,anecdotes/miscellaneous,neutral
2753,food,negative
2753,service,negative
2754,price,negative
2754,food,negative
2764,anecdotes/miscellaneous,positive
2765,anecdotes/miscellaneous,positive
2766,food,positive
2767,food,positive
2768,food,positive
2768,service,positive
2771,ambience,negative
2773,price,negative
2773,food,negative
2774,price,negative
2774,service,negative
2777,food,conflict
2778,service,negative
2781,food,positive
2783,anecdotes/miscellaneous,positive
2786,anecdotes/miscellaneous,positive
2787,food,positive
2788,anecdotes/miscellaneous,positive
2789,anecdotes/miscellaneous,positive
2790,food,negative
2791,food,negative
2792,anecdotes/miscellaneous,negative
2793,food,negative
2797,food,positive
2799,price,positive
2800,anecdotes/miscellaneous,positive
2801,food,positive
2801,service,positive
2802,anecdotes/miscellaneous,positive
2803,anecdotes/miscellaneous,negative
2804,food,positive
2808,food,positive
2808,service,positive
2809,anecdotes/miscellaneous,positive
2809,price,positive
2810,anecdotes/miscellaneous,positive
2811,food,positive
2817,ambience,positive
2818,food,positive
2818,service,positive
2819,anecdotes/miscellaneous,neutral
2822,food,positive
2823,food,positive
2823,ambience,positive
2823,service,positive
2825,anecdotes/miscellaneous,neutral
2827,ambience,negative
2827,food,negative
2827,service,negative
2828,anecdotes/miscellaneous,negative
2829,anecdotes/miscellaneous,negative
2830,anecdotes/miscellaneous,neutral
2831,ambience,positive
2832,food,positive
2832,service,positive
2833,service,positive
2839,service,negative
2840,service,negative
2841,anecdotes/miscellaneous,neutral
2842,anecdotes/miscellaneous,positive
2843,food,positive
2844,anecdotes/miscellaneous,positive
2845,anecdotes/miscellaneous,positive
2846,food,positive
2848,price,negative
2848,food,conflict
2851,ambience,positive
2852,ambience,positive
2859,price,negative
2859,service,negative
2861,service,positive
2863,anecdotes/miscellaneous,negative
2864,anecdotes/miscellaneous,negative
2871,food,positive
2871,ambience,positive
2872,service,conflict
2878,ambience,positive
2879,price,conflict
2879,food,positive
2879,service,conflict
2880,anecdotes/miscellaneous,positive
2881,ambience,conflict
2881,food,positive
2882,food,conflict
2884,food,conflict
2884,ambience,conflict
2886,food,positive
2887,food,positive
2888,food,conflict
2889,anecdotes/miscellaneous,positive
2890,anecdotes/miscellaneous,positive
2892,service,positive
2893,service,positive
2894,food,positive
2895,price,positive
2896,food,positive
2896,ambience,positive
2897,food,positive
2897,ambience,positive
2898,food,positive
2899,food,positive
2900,food,positive
2901,price,positive
2901,food,positive
2901,ambience,positive
2902,food,positive
2903,food,conflict
2904,food,positive
2906,food,negative
2907,service,positive
2909,food,negative
2910,anecdotes/miscellaneous,positive
2911,food,positive
2911,service,positive
2912,food,positive
2913,anecdotes/miscellaneous,positive
2914,anecdotes/miscellaneous,neutral
2915,ambience,negative
2915,service,negative
2916,price,negative
2916,food,negative
2919,anecdotes/miscellaneous,neutral
2919,ambience,negative
2920,anecdotes/miscellaneous,negative
2921,food,negative
2922,price,negative
2923,ambience,negative
2924,food,conflict
2925,food,negative
2927,ambience,positive
2929,anecdotes/miscellaneous,negative
2930,anecdotes/miscellaneous,negative
2932,service,negative
2934,anecdotes/miscellaneous,negative
2935,ambience,negative
2936,anecdotes/miscellaneous,negative
2938,service,positive
2939,price,positive
2939,food,positive
2940,service,positive
2941,food,positive
2942,anecdotes/miscellaneous,positive
2943,anecdotes/miscellaneous,positive
2944,food,positive
2946,food,positive
2946,service,positive
2947,anecdotes/miscellaneous,negative
2949,ambience,negative
2954,anecdotes/miscellaneous,conflict
2954,price,negative
2955,anecdotes/miscellaneous,negative
2955,ambience,negative
2956,anecdotes/miscellaneous,positive
2957,price,positive
2957,food,positive
2957,service,positive
2958,ambience,conflict
2960,price,positive
2960,food,positive
2961,food,positive
2962,food,positive
2964,food,positive
2965,service,positive
2966,anecdotes/miscellaneous,neutral
2967,food,positive
2968,ambience,positive
2968,service,positive
2969,price,conflict
2970,anecdotes/miscellaneous,positive
2972,anecdotes/miscellaneous,positive
2974,food,positive
2976,price,positive
2976,food,positive
2977,food,conflict
2977,ambience,conflict
2978,anecdotes/miscellaneous,positive
2983,ambience,positive
2983,service,positive
2984,anecdotes/miscellaneous,negative
2985,anecdotes/miscellaneous,neutral
2986,service,positive
2988,service,negative
2989,service,negative
2990,food,negative
2992,anecdotes/miscellaneous,negative
2994,service,positive
2997,food,positive
2999,anecdotes/miscellaneous,positive
3000,anecdotes/miscellaneous,neutral
3000,ambience,negative
3000,service,negative
3001,service,positive
3002,food,positive
3004,food,positive
3005,anecdotes/miscellaneous,neutral
3011,food,positive
3012,food,positive
3013,service,negative
3015,food,negative
3018,price,negative
3019,food,positive
3020,food,positive
3021,service,positive
3022,anecdotes/miscellaneous,conflict
3022,price,negative
3023,anecdotes/miscellaneous,neutral
3024,food,conflict
3025,anecdotes/miscellaneous,positive
3029,anecdotes/miscellaneous,neutral
3030,anecdotes/miscellaneous,neutral
3033,food,negative
3035,price,positive
3035,food,positive
3039,food,negative
3040,food,positive
3041,anecdotes/miscellaneous,neutral
3042,service,positive
3045,anecdotes/miscellaneous,positive
3047,service,negative
3048,service,negative
3049,food,negative
3050,service,negative
3051,anecdotes/miscellaneous,negative
3052,anecdotes/miscellaneous,neutral
3052,ambience,neutral
3056,ambience,positive
3056,food,positive
3057,anecdotes/miscellaneous,neutral
3058,anecdotes/miscellaneous,positive
3059,food,negative
3060,price,negative
3061,anecdotes/miscellaneous,negative
3061,price,negative
3062,anecdotes/miscellaneous,positive
3063,anecdotes/miscellaneous,positive
3064,ambience,positive
3067,food,positive
3074,anecdotes/miscellaneous,conflict
3075,anecdotes/miscellaneous,positive
3080,food,positive
3081,food,positive
3082,anecdotes/miscellaneous,positive
3083,food,positive
3083,service,positive
3084,food,positive
3085,ambience,positive
3086,food,positive
3089,ambience,positive
3091,food,conflict
3092,food,positive
3093,anecdotes/miscellaneous,positive
3094,anecdotes/miscellaneous,positive
3098,food,positive
3100,anecdotes/miscellaneous,neutral
3102,food,positive
3105,anecdotes/miscellaneous,positive
3106,anecdotes/miscellaneous,negative
3107,anecdotes/miscellaneous,negative
3111,service,conflict
3112,service,negative
3113,ambience,conflict
3114,service,negative
3115,service,positive
3118,food,positive
3119,anecdotes/miscellaneous,positive
3121,service,negative
3122,service,negative
3123,price,negative
3123,service,negative
3128,anecdotes/miscellaneous,negative
3129,service,negative
3130,food,negative
3131,anecdotes/miscellaneous,negative
3134,service,positive
3135,food,positive
3136,anecdotes/miscellaneous,neutral
3136,service,neutral
3137,anecdotes/miscellaneous,neutral
3138,food,positive
3139,ambience,positive
3140,price,positive
3141,food,conflict
3141,service,conflict
3142,anecdotes/miscellaneous,positive
3144,ambience,negative
3144,service,negative
3146,anecdotes/miscellaneous,conflict
3146,ambience,conflict
3147,anecdotes/miscellaneous,negative
3150,food,negative
3154,anecdotes/miscellaneous,positive
3155,ambience,conflict
3155,service,conflict
3156,ambience,negative
3156,service,negative
3157,food,positive
3160,anecdotes/miscellaneous,positive
3165,anecdotes/miscellaneous,negative
3166,anecdotes/miscellaneous,positive
3167,food,conflict
3169,price,negative
3172,food,positive
3174,service,negative
3175,service,neutral
3176,anecdotes/miscellaneous,conflict
3178,food,negative
3180,price,negative
3180,service,negative
3182,anecdotes/miscellaneous,positive
3184,food,positive
3185,ambience,positive
3186,service,positive
3188,anecdotes/miscellaneous,neutral
3189,food,neutral
3189,ambience,negative
3190,food,positive
3191,food,positive
3192,food,positive
3193,service,negative
3195,food,positive
3196,anecdotes/miscellaneous,positive
3198,food,positive
3199,ambience,negative
3201,food,positive
3201,service,positive
3203,price,negative
3203,food,negative
3204,anecdotes/miscellaneous,positive
3205,food,positive
3205,ambience,positive
3205,service,positive
3206,ambience,positive
3207,food,positive
3208,anecdotes/miscellaneous,positive
3209,anecdotes/miscellaneous,negative
3211,service,negative
3213,anecdotes/miscellaneous,positive
3213,price,positive
3214,anecdotes/miscellaneous,neutral
3216,food,negative
3220,food,negative
3221,anecdotes/miscellaneous,positive
3225,food,positive
3226,price,positive
3226,food,positive
3227,anecdotes/miscellaneous,positive
3228,food,positive
3229,food,positive
3232,anecdotes/miscellaneous,positive
3232,price,positive
3233,anecdotes/miscellaneous,positive
3235,service,positive
3236,ambience,positive
3236,service,positive
3237,anecdotes/miscellaneous,neutral
3238,anecdotes/miscellaneous,neutral
3239,ambience,positive
3241,food,positive
3243,food,positive
3244,anecdotes/miscellaneous,neutral
3245,food,positive
3248,food,negative
3249,food,positive
3250,service,negative
3251,anecdotes/miscellaneous,neutral
3252,anecdotes/miscellaneous,negative
3256,anecdotes/miscellaneous,negative
3257,anecdotes/miscellaneous,positive
3259,anecdotes/miscellaneous,neutral
3261,food,positive
3263,food,positive
3264,food,positive
3265,price,negative
3265,food,negative
3267,food,negative
3268,ambience,positive
3274,anecdotes/miscellaneous,neutral
3276,service,positive
3277,anecdotes/miscellaneous,negative
3278,food,negative
3280,price,positive
3280,food,positive
3281,price,negative
3282,food,negative
3285,anecdotes/miscellaneous,neutral
3290,anecdotes/miscellaneous,positive
3291,food,positive
3293,anecdotes/miscellaneous,positive
3295,anecdotes/miscellaneous,positive
3295,ambience,positive
3297,anecdotes/miscellaneous,neutral
3297,ambience,conflict
3298,food,conflict
3299,anecdotes/miscellaneous,neutral
3303,food,positive
3304,food,positive
3305,food,neutral
3306,food,positive
3314,anecdotes/miscellaneous,positive
3314,ambience,positive
3317,food,positive
3317,ambience,positive
3318,anecdotes/miscellaneous,positive
3319,service,positive
3322,service,negative
3324,anecdotes/miscellaneous,negative
3325,service,negative
3327,food,positive
3328,food,neutral
3332,ambience,negative
3336,anecdotes/miscellaneous,negative
3339,anecdotes/miscellaneous,positive
3340,anecdotes/miscellaneous,neutral
3342,anecdotes/miscellaneous,positive
3343,food,negative
3345,food,positive
3352,anecdotes/miscellaneous,positive
3353,food,positive
3354,anecdotes/miscellaneous,conflict
3355,price,negative
3355,food,negative
3358,anecdotes/miscellaneous,neutral
3359,food,positive
3360,food,positive
3361,food,negative
3363,anecdotes/miscellaneous,neutral
3366,food,positive
3369,anecdotes/miscellaneous,positive
3370,food,positive
3371,food,positive
3372,anecdotes/miscellaneous,positive
3373,food,positive
3374,anecdotes/miscellaneous,positive
3375,anecdotes/miscellaneous,neutral
3376,food,positive
3377,food,positive
3380,price,positive
3380,food,positive
3381,food,positive
3382,food,positive
3384,anecdotes/miscellaneous,positive
3391,anecdotes/miscellaneous,positive
3392,food,positive
3393,food,negative
3396,anecdotes/miscellaneous,positive
3397,anecdotes/miscellaneous,negative
3401,food,conflict
3404,food,positive
3405,food,positive
3408,anecdotes/miscellaneous,neutral
3409,food,positive
3410,food,positive
3412,ambience,positive
3412,service,positive
3413,service,positive
3415,anecdotes/miscellaneous,positive
3417,food,positive
3417,ambience,positive
3420,food,positive
3421,ambience,conflict
3422,anecdotes/miscellaneous,positive
3422,price,positive
3423,food,positive
3424,food,conflict
3425,food,positive
3426,anecdotes/miscellaneous,neutral
3429,anecdotes/miscellaneous,positive
3431,price,conflict
3433,anecdotes/miscellaneous,positive
3435,food,positive
3436,food,conflict
3437,food,positive
3438,ambience,positive
3438,service,positive
3440,price,negative
3440,food,negative
3441,price,negative
3441,food,negative
3442,ambience,negative
3442,service,positive
3443,service,positive
3450,food,negative
3452,anecdotes/miscellaneous,neutral
3452,price,positive
3453,anecdotes/miscellaneous,positive
3453,price,positive
3454,food,positive
3455,food,positive
3456,service,positive
3459,anecdotes/miscellaneous,positive
3460,food,positive
3460,service,positive
3461,price,positive
3462,price,positive
3468,anecdotes/miscellaneous,positive
3469,food,positive
3472,service,negative
3474,anecdotes/miscellaneous,negative
3475,service,negative
3476,anecdotes/miscellaneous,negative
3477,food,positive
3477,ambience,positive
3480,anecdotes/miscellaneous,neutral
3483,anecdotes/miscellaneous,neutral
3489,food,positive
3490,anecdotes/miscellaneous,neutral
3491,food,positive
3493,ambience,positive
3493,service,positive
3495,anecdotes/miscellaneous,negative
3496,food,negative
3499,food,negative
3504,anecdotes/miscellaneous,neutral
3505,price,positive
3505,food,positive
3505,service,positive
3507,ambience,positive
3507,service,positive
3508,price,positive
3508,food,positive
3510,anecdotes/miscellaneous,negative
3510,service,negative
3512,service,negative
3517,food,positive
3517,service,positive
3518,food,positive
3519,price,positive
3519,ambience,positive
3521,anecdotes/miscellaneous,positive
3524,anecdotes/miscellaneous,positive
3525,service,positive
3527,food,negative
3530,food,negative
3532,anecdotes/miscellaneous,negative
3534,price,negative
3534,food,negative
3534,ambience,negative
3535,price,positive
3535,food,positive
3535,ambience,positive
3536,food,positive
3537,ambience,positive
3537,service,positive
3538,anecdotes/miscellaneous,neutral
3538,ambience,positive
3539,service,positive
3541,service,negative
3542,anecdotes/miscellaneous,negative
3543,food,negative
3544,ambience,positive
3545,anecdotes/miscellaneous,conflict
3546,anecdotes/miscellaneous,neutral
3547,price,positive
3547,food,positive
3551,food,positive
3554,anecdotes/miscellaneous,neutral
3555,food,positive
3556,anecdotes/miscellaneous,positive
3557,food,positive
3561,anecdotes/miscellaneous,positive
3562,anecdotes/miscellaneous,neutral
3563,anecdotes/miscellaneous,negative
3565,anecdotes/miscellaneous,neutral
3566,anecdotes/miscellaneous,neutral
3571,food,negative
3571,service,negative
3572,price,negative
3572,service,negative
3574,anecdotes/miscellaneous,negative
3575,service,negative
3577,anecdotes/miscellaneous,negative
3578,food,negative
3578,service,negative
3579,food,positive
3582,food,negative
3584,price,negative
3585,food,positive
3587,price,conflict
3588,anecdotes/miscellaneous,negative
3588,service,negative
3589,anecdotes/miscellaneous,negative
3595,price,negative
3595,food,negative
3597,anecdotes/miscellaneous,neutral
3597,ambience,negative
3598,anecdotes/miscellaneous,negative
3599,food,negative
3600,food,negative
3601,anecdotes/miscellaneous,negative
3602,anecdotes/miscellaneous,neutral
3603,anecdotes/miscellaneous,neutral
3604,anecdotes/miscellaneous,positive
3605,food,positive
3605,ambience,positive
3605,service,positive
3606,food,positive
3607,food,conflict
3608,food,conflict
3611,ambience,negative
3612,anecdotes/miscellaneous,negative
3613,anecdotes/miscellaneous,neutral
3618,anecdotes/miscellaneous,positive
3621,food,positive
3623,anecdotes/miscellaneous,positive
3626,food,negative
3630,anecdotes/miscellaneous,negative
3631,food,positive
3635,anecdotes/miscellaneous,positive
3636,anecdotes/miscellaneous,neutral
3639,food,positive
3640,anecdotes/miscellaneous,positive
3642,food,positive
3642,service,positive
3643,ambience,positive
3644,anecdotes/miscellaneous,positive
3645,anecdotes/miscellaneous,positive
3646,anecdotes/miscellaneous,negative
3648,ambience,negative
3649,service,negative
3650,food,negative
3651,anecdotes/miscellaneous,negative
3652,anecdotes/miscellaneous,negative
3652,price,negative
3653,anecdotes/miscellaneous,neutral
3654,food,positive
3659,anecdotes/miscellaneous,positive
3660,anecdotes/miscellaneous,positive
3661,service,positive
3665,ambience,positive
3669,anecdotes/miscellaneous,positive
3671,anecdotes/miscellaneous,negative
3675,anecdotes/miscellaneous,positive
3680,ambience,positive
3682,service,positive
3683,food,negative
3683,service,negative
3684,price,negative
3684,food,negative
3686,ambience,conflict
3687,anecdotes/miscellaneous,neutral
3688,ambience,conflict
3688,service,conflict
3689,food,neutral
3690,anecdotes/miscellaneous,negative
3692,food,negative
3695,price,positive
3695,food,positive
3699,price,positive
3699,food,positive
3699,service,positive
3700,anecdotes/miscellaneous,positive
3701,food,negative
3702,food,negative
3703,food,negative
3705,anecdotes/miscellaneous,positive
3706,anecdotes/miscellaneous,neutral
3709,food,positive
